{
  "is_typing": false,
  "typing_since": 1782040264.231676,
  "last_typed_at": 1782040264.231676
}