{
  "is_typing": false,
  "typing_since": 1783945098.6117227,
  "last_typed_at": 1783945098.6117227
}