{
  "is_typing": false,
  "typing_since": 1784373933.735883,
  "last_typed_at": 1784373933.735883
}