{
  "is_typing": false,
  "typing_since": 1782096204.444709,
  "last_typed_at": 1782096204.444709
}