{
  "is_typing": false,
  "typing_since": 1784378047.2925868,
  "last_typed_at": 1784378047.2925868
}