{
  "is_typing": false,
  "typing_since": 1779967769.0428658,
  "last_typed_at": 1779967769.0428658
}