{
  "is_typing": false,
  "typing_since": 1784455890.6555188,
  "last_typed_at": 1784455890.6555188
}