{
  "is_typing": false,
  "typing_since": 1779642443.7877512,
  "last_typed_at": 1779642443.7877512
}