{
  "is_typing": false,
  "typing_since": 1779893281.2568533,
  "last_typed_at": 1779893281.2568533
}