{
  "is_typing": false,
  "typing_since": 1782042312.5522435,
  "last_typed_at": 1782042312.5522435
}