{
  "is_typing": false,
  "typing_since": 1782098048.2116838,
  "last_typed_at": 1782098048.2116838
}