{
  "is_typing": false,
  "typing_since": 1782081342.4627707,
  "last_typed_at": 1782081342.4627707
}