{
  "is_typing": false,
  "typing_since": 1784496000.1713402,
  "last_typed_at": 1784496000.1713402
}