{
  "is_typing": false,
  "typing_since": 1783914931.791018,
  "last_typed_at": 1783914931.791018
}