{
  "is_typing": false,
  "typing_since": 1784376761.5531745,
  "last_typed_at": 1784376761.5531745
}