{
  "is_typing": false,
  "typing_since": 1783915691.959703,
  "last_typed_at": 1783915691.959703
}