{
  "is_typing": false,
  "typing_since": 1779758653.1742795,
  "last_typed_at": 1779758653.1742795
}