{
  "is_typing": false,
  "typing_since": 1784373272.466254,
  "last_typed_at": 1784373272.466254
}