{
  "is_typing": false,
  "typing_since": 1783471927.4397237,
  "last_typed_at": 1783471927.4397237
}