{
  "is_typing": false,
  "typing_since": 1784460992.519655,
  "last_typed_at": 1784460992.519655
}