{
  "is_typing": false,
  "typing_since": 1783945174.8075268,
  "last_typed_at": 1783945174.8075268
}