{
  "is_typing": false,
  "typing_since": 1782083110.523604,
  "last_typed_at": 1782083110.523604
}