{
  "is_typing": false,
  "typing_since": 1779837901.044536,
  "last_typed_at": 1779837901.044536
}