{
  "is_typing": true,
  "typing_since": 1782040478.4205046,
  "last_typed_at": 1782040478.4205046
}