{
  "is_typing": false,
  "typing_since": 1779575678.2120821,
  "last_typed_at": 1779575678.2120821
}