{
  "is_typing": false,
  "typing_since": 1784377975.5852246,
  "last_typed_at": 1784377975.5852246
}