{
  "is_typing": false,
  "typing_since": 1784496539.3102505,
  "last_typed_at": 1784496539.3102505
}