{
  "is_typing": false,
  "typing_since": 1779898516.3677456,
  "last_typed_at": 1779898516.3677456
}