{
  "is_typing": false,
  "typing_since": 1781947138.6285896,
  "last_typed_at": 1781947138.6285896
}