{
  "is_typing": true,
  "typing_since": 1779898827.4914043,
  "last_typed_at": 1779898827.4914043
}