{
  "is_typing": false,
  "typing_since": 1784443858.1093833,
  "last_typed_at": 1784443858.1093833
}