{
  "is_typing": false,
  "typing_since": 1781954263.3539271,
  "last_typed_at": 1781954263.3539271
}