{
  "is_typing": false,
  "typing_since": 1782096435.012234,
  "last_typed_at": 1782096435.012234
}