{
  "is_typing": false,
  "typing_since": 1782082619.9688222,
  "last_typed_at": 1782082619.9688222
}