{
  "is_typing": false,
  "typing_since": 1784680173.6263273,
  "last_typed_at": 1784680173.6263273
}