{
  "is_typing": false,
  "typing_since": 1782036955.6452713,
  "last_typed_at": 1782036955.6452713
}