{
  "is_typing": false,
  "typing_since": 1784371270.7649727,
  "last_typed_at": 1784371270.7649727
}