{
  "is_typing": false,
  "typing_since": 1784578771.0548563,
  "last_typed_at": 1784578771.0548563
}