{
  "is_typing": false,
  "typing_since": 1784587587.86569,
  "last_typed_at": 1784587587.86569
}