{
  "is_typing": false,
  "typing_since": 1779778820.9798725,
  "last_typed_at": 1779778820.9798725
}