{
  "is_typing": false,
  "typing_since": 1782040479.0125983,
  "last_typed_at": 1782040479.0125983
}