{
  "is_typing": false,
  "typing_since": 1784620595.5854068,
  "last_typed_at": 1784620595.5854068
}