{
  "is_typing": false,
  "typing_since": 1784378710.9294538,
  "last_typed_at": 1784378710.9294538
}