{
  "is_typing": false,
  "typing_since": 1782043092.977709,
  "last_typed_at": 1782043092.977709
}