{
  "is_typing": false,
  "typing_since": 1779760192.3458476,
  "last_typed_at": 1779760192.3458476
}