{
  "is_typing": false,
  "typing_since": 1779784394.3573334,
  "last_typed_at": 1779784394.3573334
}