{
  "is_typing": true,
  "typing_since": 1781948338.0904052,
  "last_typed_at": 1781948338.0904052
}