{
  "is_typing": false,
  "typing_since": 1779784065.332428,
  "last_typed_at": 1779784065.332428
}