{
  "is_typing": false,
  "typing_since": 1784374022.327837,
  "last_typed_at": 1784374022.327837
}