{
  "is_typing": false,
  "typing_since": 1781954082.4635935,
  "last_typed_at": 1781954082.4635935
}