{
  "is_typing": false,
  "typing_since": 1784445721.256188,
  "last_typed_at": 1784445721.256188
}