{
  "is_typing": false,
  "typing_since": 1781949302.8343413,
  "last_typed_at": 1781949302.8343413
}