{
  "is_typing": false,
  "typing_since": 1782082383.188237,
  "last_typed_at": 1782082383.188237
}