{
  "is_typing": false,
  "typing_since": 1784460367.870801,
  "last_typed_at": 1784460367.870801
}