{
  "is_typing": false,
  "typing_since": 1779891237.7377427,
  "last_typed_at": 1779891237.7377427
}