{
  "is_typing": false,
  "typing_since": 1782082434.5859287,
  "last_typed_at": 1782082434.5859287
}