{
  "is_typing": false,
  "typing_since": 1782096719.0964515,
  "last_typed_at": 1782096719.0964515
}