{
  "is_typing": false,
  "typing_since": 1784633276.7881339,
  "last_typed_at": 1784633276.7881339
}