{
  "is_typing": false,
  "typing_since": 1784379670.9556391,
  "last_typed_at": 1784379670.9556391
}