{
  "is_typing": false,
  "typing_since": 1784374546.662287,
  "last_typed_at": 1784374546.662287
}