{
  "is_typing": false,
  "typing_since": 1784463818.1446497,
  "last_typed_at": 1784463818.1446497
}