{
  "is_typing": false,
  "typing_since": 1779773118.3961263,
  "last_typed_at": 1779773118.3961263
}