{
  "is_typing": false,
  "typing_since": 1783915813.540207,
  "last_typed_at": 1783915813.540207
}