{
  "is_typing": false,
  "typing_since": 1783944962.391337,
  "last_typed_at": 1783944962.391337
}