{
  "is_typing": false,
  "typing_since": 1782080325.8015552,
  "last_typed_at": 1782080325.8015552
}