{
  "is_typing": false,
  "typing_since": 1784464964.2476683,
  "last_typed_at": 1784464964.2476683
}