{
  "is_typing": false,
  "typing_since": 1781947624.4203272,
  "last_typed_at": 1781947624.4203272
}