{
  "is_typing": false,
  "typing_since": 1784443408.3864322,
  "last_typed_at": 1784443408.3864322
}