{
  "is_typing": false,
  "typing_since": 1779843673.9010715,
  "last_typed_at": 1779843673.9010715
}