{
  "is_typing": false,
  "typing_since": 1779775378.0734022,
  "last_typed_at": 1779775378.0734022
}