{
  "is_typing": false,
  "typing_since": 1779891123.5838432,
  "last_typed_at": 1779891123.5838432
}