{
  "is_typing": false,
  "typing_since": 1780056692.830266,
  "last_typed_at": 1780056692.830266
}