{
  "is_typing": false,
  "typing_since": 1784445376.029849,
  "last_typed_at": 1784445376.029849
}