{
  "is_typing": false,
  "typing_since": 1781949537.5250587,
  "last_typed_at": 1781949537.5250587
}