{
  "is_typing": false,
  "typing_since": 1784374191.9931586,
  "last_typed_at": 1784374191.9931586
}