{
  "is_typing": false,
  "typing_since": 1779666307.9270103,
  "last_typed_at": 1779666307.9270103
}