{
  "is_typing": false,
  "typing_since": 1784377247.7745228,
  "last_typed_at": 1784377247.7745228
}