{
  "is_typing": false,
  "typing_since": 1784465819.035046,
  "last_typed_at": 1784465819.035046
}