{
  "is_typing": false,
  "typing_since": 1784459391.2722766,
  "last_typed_at": 1784459391.2722766
}