{
  "is_typing": false,
  "typing_since": 1779891630.886973,
  "last_typed_at": 1779891630.886973
}