{
  "is_typing": false,
  "typing_since": 1784377391.2219763,
  "last_typed_at": 1784377391.2219763
}