{
  "is_typing": false,
  "typing_since": 1784607091.910295,
  "last_typed_at": 1784607091.910295
}