{
  "is_typing": false,
  "typing_since": 1784636910.4200587,
  "last_typed_at": 1784636910.4200587
}