{
  "is_typing": false,
  "typing_since": 1784578926.9752371,
  "last_typed_at": 1784578926.9752371
}