{
  "is_typing": false,
  "typing_since": 1782089856.4501655,
  "last_typed_at": 1782089856.4501655
}