{
  "is_typing": false,
  "typing_since": 1781955419.9615157,
  "last_typed_at": 1781955419.9615157
}