{
  "is_typing": false,
  "typing_since": 1784371110.5687578,
  "last_typed_at": 1784371110.5687578
}