{
  "is_typing": false,
  "typing_since": 1784466443.100784,
  "last_typed_at": 1784466443.100784
}