{
  "is_typing": false,
  "typing_since": 1784819852.1972396,
  "last_typed_at": 1784819852.1972396
}