{
  "is_typing": false,
  "typing_since": 1779839375.9883735,
  "last_typed_at": 1779839375.9883735
}