{
  "is_typing": false,
  "typing_since": 1781953741.224313,
  "last_typed_at": 1781953741.224313
}