{
  "is_typing": false,
  "typing_since": 1784630073.6049292,
  "last_typed_at": 1784630073.6049292
}