{
  "is_typing": false,
  "typing_since": 1779837437.728763,
  "last_typed_at": 1779837437.728763
}