{
  "is_typing": false,
  "typing_since": 1784588152.0629585,
  "last_typed_at": 1784588152.0629585
}