{
  "is_typing": false,
  "typing_since": 1779837089.0811293,
  "last_typed_at": 1779837089.0811293
}