{
  "is_typing": true,
  "typing_since": 1782089855.0165696,
  "last_typed_at": 1782089855.0165696
}