{
  "is_typing": false,
  "typing_since": 1784685463.0856602,
  "last_typed_at": 1784685463.0856602
}