{
  "is_typing": false,
  "typing_since": 1784459007.3390648,
  "last_typed_at": 1784459007.3390648
}