{
  "is_typing": false,
  "typing_since": 1782097537.9496377,
  "last_typed_at": 1782097537.9496377
}