{
  "is_typing": false,
  "typing_since": 1783477840.6338546,
  "last_typed_at": 1783477840.6338546
}