{
  "is_typing": false,
  "typing_since": 1784372758.7005324,
  "last_typed_at": 1784372758.7005324
}