{
  "is_typing": false,
  "typing_since": 1783914862.051423,
  "last_typed_at": 1783914862.051423
}