{
  "is_typing": false,
  "typing_since": 1784374052.2582767,
  "last_typed_at": 1784374052.2582767
}