{
  "is_typing": false,
  "typing_since": 1784377942.1177368,
  "last_typed_at": 1784377942.1177368
}