{
  "is_typing": false,
  "typing_since": 1781047676.3946166,
  "last_typed_at": 1781047676.3946166
}