{
  "is_typing": false,
  "typing_since": 1784578718.3259637,
  "last_typed_at": 1784578718.3259637
}