{
  "is_typing": false,
  "typing_since": 1781949430.7608063,
  "last_typed_at": 1781949430.7608063
}