{
  "is_typing": true,
  "typing_since": 1781953684.3282702,
  "last_typed_at": 1781953684.3282702
}