{
  "is_typing": false,
  "typing_since": 1784495712.3613002,
  "last_typed_at": 1784495712.3613002
}