{
  "is_typing": false,
  "typing_since": 1782039765.7411675,
  "last_typed_at": 1782039765.7411675
}