{
  "is_typing": false,
  "typing_since": 1784374773.8489888,
  "last_typed_at": 1784374773.8489888
}