{
  "is_typing": false,
  "typing_since": 1779898827.8529484,
  "last_typed_at": 1779898827.8529484
}