{
  "is_typing": false,
  "typing_since": 1779853400.894238,
  "last_typed_at": 1779853400.894238
}