{
  "is_typing": false,
  "typing_since": 1779837521.7872732,
  "last_typed_at": 1779837521.7872732
}