{
  "is_typing": false,
  "typing_since": 1783469009.3370223,
  "last_typed_at": 1783469009.3370223
}