{
  "is_typing": false,
  "typing_since": 1782081081.0011969,
  "last_typed_at": 1782081081.0011969
}