{
  "is_typing": false,
  "typing_since": 1781956310.4871318,
  "last_typed_at": 1781956310.4871318
}