{
  "is_typing": false,
  "typing_since": 1779914635.8929675,
  "last_typed_at": 1779914635.8929675
}