{
  "is_typing": false,
  "typing_since": 1779899375.26795,
  "last_typed_at": 1779899375.26795
}