{
  "is_typing": false,
  "typing_since": 1778371529.1366074,
  "last_typed_at": 1778371529.1366074
}