{
  "is_typing": false,
  "typing_since": 1782041351.9660277,
  "last_typed_at": 1782041351.9660277
}