{
  "is_typing": false,
  "typing_since": 1779765575.0097373,
  "last_typed_at": 1779765575.0097373
}