{
  "is_typing": false,
  "typing_since": 1779892865.4548419,
  "last_typed_at": 1779892865.4548419
}