{
  "is_typing": false,
  "typing_since": 1782043488.9474425,
  "last_typed_at": 1782043488.9474425
}