{
  "is_typing": false,
  "typing_since": 1779767056.0624926,
  "last_typed_at": 1779767056.0624926
}