{
  "is_typing": false,
  "typing_since": 1778396332.9700243,
  "last_typed_at": 1778396332.9700243
}