{
  "is_typing": false,
  "typing_since": 1782041672.6363957,
  "last_typed_at": 1782041672.6363957
}