{
  "is_typing": false,
  "typing_since": 1784372850.0294309,
  "last_typed_at": 1784372850.0294309
}