{
  "is_typing": false,
  "typing_since": 1782040796.5280924,
  "last_typed_at": 1782040796.5280924
}