{
  "is_typing": false,
  "typing_since": 1780035196.643442,
  "last_typed_at": 1780035196.643442
}