{
  "is_typing": false,
  "typing_since": 1781947367.9816716,
  "last_typed_at": 1781947367.9816716
}