{
  "is_typing": true,
  "typing_since": 1779853802.7107074,
  "last_typed_at": 1779853802.7107074
}