{
  "is_typing": false,
  "typing_since": 1784377517.6953983,
  "last_typed_at": 1784377517.6953983
}