{
  "is_typing": false,
  "typing_since": 1784372912.678611,
  "last_typed_at": 1784372912.678611
}