{
  "is_typing": false,
  "typing_since": 1781948976.023246,
  "last_typed_at": 1781948976.023246
}