{
  "is_typing": false,
  "typing_since": 1781954755.2944493,
  "last_typed_at": 1781954755.2944493
}