{
  "is_typing": false,
  "typing_since": 1784443321.1059928,
  "last_typed_at": 1784443321.1059928
}