{
  "is_typing": false,
  "typing_since": 1782096338.7188694,
  "last_typed_at": 1782096338.7188694
}