{
  "is_typing": false,
  "typing_since": 1782098226.0666106,
  "last_typed_at": 1782098226.0666106
}