{
  "is_typing": false,
  "typing_since": 1779845132.9706295,
  "last_typed_at": 1779845132.9706295
}