{
  "is_typing": true,
  "typing_since": 1781948020.6455898,
  "last_typed_at": 1781948020.6455898