{
  "is_typing": false,
  "typing_since": 1784463433.5129328,
  "last_typed_at": 1784463433.5129328
}