{
  "is_typing": false,
  "typing_since": 1784443971.1814146,
  "last_typed_at": 1784443971.1814146
}