{
  "is_typing": false,
  "typing_since": 1783471985.8214035,
  "last_typed_at": 1783471985.8214035
}