{
  "is_typing": true,
  "typing_since": 1779762619.089808,
  "last_typed_at": 1779762619.089808