{
  "is_typing": false,
  "typing_since": 1782089669.7542565,
  "last_typed_at": 1782089669.7542565
}