{
  "is_typing": false,
  "typing_since": 1783472044.4163525,
  "last_typed_at": 1783472044.4163525
}