{
  "is_typing": false,
  "typing_since": 1779913338.6344242,
  "last_typed_at": 1779913338.6344242
}