{
  "is_typing": false,
  "typing_since": 1784443946.4988134,
  "last_typed_at": 1784443946.4988134
}