{
  "is_typing": true,
  "typing_since": 1782098159.7266002,
  "last_typed_at": 1782098159.7266002