{
  "is_typing": false,
  "typing_since": 1784373196.4930606,
  "last_typed_at": 1784373196.4930606
}