{
  "is_typing": false,
  "typing_since": 1784495616.3445306,
  "last_typed_at": 1784495616.3445306
}