{
  "is_typing": false,
  "typing_since": 1784467241.0687664,
  "last_typed_at": 1784467241.0687664
}