{
  "is_typing": false,
  "typing_since": 1779771188.5753725,
  "last_typed_at": 1779771188.5753725
}