{
  "is_typing": false,
  "typing_since": 1782082813.0487728,
  "last_typed_at": 1782082813.0487728
}