{
  "is_typing": false,
  "typing_since": 1782097413.252555,
  "last_typed_at": 1782097413.252555
}