{
  "is_typing": false,
  "typing_since": 1779845048.7250798,
  "last_typed_at": 1779845048.7250798
}