{
  "is_typing": false,
  "typing_since": 1782097627.240757,
  "last_typed_at": 1782097627.240757
}