{
  "is_typing": false,
  "typing_since": 1784467928.3733702,
  "last_typed_at": 1784467928.3733702
}