{
  "is_typing": false,
  "typing_since": 1782043153.6990821,
  "last_typed_at": 1782043153.6990821
}