{
  "is_typing": false,
  "typing_since": 1783915187.3707557,
  "last_typed_at": 1783915187.3707557
}