{
  "is_typing": false,
  "typing_since": 1778640349.3307154,
  "last_typed_at": 1778640349.3307154
}