{
  "is_typing": false,
  "typing_since": 1779533107.7436562,
  "last_typed_at": 1779533107.7436562
}