{
  "is_typing": false,
  "typing_since": 1779765536.979985,
  "last_typed_at": 1779765536.979985
}