{
  "is_typing": false,
  "typing_since": 1784375528.5222762,
  "last_typed_at": 1784375528.5222762
}