{
  "is_typing": false,
  "typing_since": 1784379247.7573109,
  "last_typed_at": 1784379247.7573109
}