{
  "is_typing": false,
  "typing_since": 1784375344.0591078,
  "last_typed_at": 1784375344.0591078
}