{
  "is_typing": false,
  "typing_since": 1784640998.56523,
  "last_typed_at": 1784640998.56523
}