{
  "is_typing": false,
  "typing_since": 1784375251.2232714,
  "last_typed_at": 1784375251.2232714
}