{
  "is_typing": false,
  "typing_since": 1779538125.9038363,
  "last_typed_at": 1779538125.9038363
}