{
  "is_typing": false,
  "typing_since": 1782098077.7887776,
  "last_typed_at": 1782098077.7887776
}