{
  "is_typing": false,
  "typing_since": 1779780423.2838633,
  "last_typed_at": 1779780423.2838633
}