{
  "is_typing": false,
  "typing_since": 1784104875.6406708,
  "last_typed_at": 1784104875.6406708
}