{
  "is_typing": false,
  "typing_since": 1782042024.928433,
  "last_typed_at": 1782042024.928433
}