{
  "is_typing": false,
  "typing_since": 1783914753.5283296,
  "last_typed_at": 1783914753.5283296
}