{
  "is_typing": false,
  "typing_since": 1781949014.753739,
  "last_typed_at": 1781949014.753739
}