{
  "is_typing": false,
  "typing_since": 1779837825.105914,
  "last_typed_at": 1779837825.105914
}