{
  "is_typing": false,
  "typing_since": 1779853802.878676,
  "last_typed_at": 1779853802.878676
}