{
  "is_typing": false,
  "typing_since": 1782040679.6647687,
  "last_typed_at": 1782040679.6647687
}