{
  "is_typing": true,
  "typing_since": 1782042548.3322186,
  "last_typed_at": 1782042548.3322186
}