{
  "is_typing": false,
  "typing_since": 1782037190.317113,
  "last_typed_at": 1782037190.317113
}