{
  "is_typing": false,
  "typing_since": 1784458229.3699026,
  "last_typed_at": 1784458229.3699026
}