{
  "is_typing": false,
  "typing_since": 1782097949.9023407,
  "last_typed_at": 1782097949.9023407
}