{
  "is_typing": true,
  "typing_since": 1784632669.7998495,
  "last_typed_at": 1784632669.7998495
}