{
  "is_typing": false,
  "typing_since": 1782041892.5750568,
  "last_typed_at": 1782041892.5750568
}