{
  "is_typing": false,
  "typing_since": 1782096658.4675653,
  "last_typed_at": 1782096658.4675653
}