{
  "is_typing": false,
  "typing_since": 1781948020.6789198,
  "last_typed_at": 1781948020.6789198
}