{
  "is_typing": false,
  "typing_since": 1784445563.1186974,
  "last_typed_at": 1784445563.1186974
}