{
  "is_typing": false,
  "typing_since": 1782043424.5966532,
  "last_typed_at": 1782043424.5966532
}