{
  "is_typing": false,
  "typing_since": 1784455753.3977833,
  "last_typed_at": 1784455753.3977833
}