{
  "is_typing": false,
  "typing_since": 1779765860.8602636,
  "last_typed_at": 1779765860.8602636
}