{
  "is_typing": false,
  "typing_since": 1781949881.691686,
  "last_typed_at": 1781949881.691686
}