{
  "is_typing": false,
  "typing_since": 1781954555.7953856,
  "last_typed_at": 1781954555.7953856
}