{
  "is_typing": false,
  "typing_since": 1780295925.9121034,
  "last_typed_at": 1780295925.9121034
}