{
  "is_typing": false,
  "typing_since": 1782041861.2639372,
  "last_typed_at": 1782041861.2639372
}