{
  "is_typing": false,
  "typing_since": 1784374474.3717003,
  "last_typed_at": 1784374474.3717003
}