{
  "is_typing": false,
  "typing_since": 1779666695.2891772,
  "last_typed_at": 1779666695.2891772
}