{
  "is_typing": false,
  "typing_since": 1781947052.7716844,
  "last_typed_at": 1781947052.7716844
}