{
  "is_typing": false,
  "typing_since": 1784496056.6479695,
  "last_typed_at": 1784496056.6479695
}