{
  "is_typing": false,
  "typing_since": 1782097198.7282648,
  "last_typed_at": 1782097198.7282648
}