{
  "is_typing": false,
  "typing_since": 1783477987.2591457,
  "last_typed_at": 1783477987.2591457
}