{
  "is_typing": false,
  "typing_since": 1779783165.9233136,
  "last_typed_at": 1779783165.9233136
}