{
  "is_typing": false,
  "typing_since": 1783468520.0471463,
  "last_typed_at": 1783468520.0471463
}