{
  "is_typing": false,
  "typing_since": 1784625429.2681346,
  "last_typed_at": 1784625429.2681346
}