{
  "is_typing": false,
  "typing_since": 1784455494.4716897,
  "last_typed_at": 1784455494.4716897
}