{
  "is_typing": true,
  "typing_since": 1779893722.9584165,
  "last_typed_at": 1779893722.9584165