{
  "is_typing": false,
  "typing_since": 1784445431.8759549,
  "last_typed_at": 1784445431.8759549
}