{
  "is_typing": false,
  "typing_since": 1779642640.1427937,
  "last_typed_at": 1779642640.1427937
}