{
  "is_typing": false,
  "typing_since": 1779764844.1316147,
  "last_typed_at": 1779764844.1316147
}