{
  "is_typing": false,
  "typing_since": 1782036800.9178302,
  "last_typed_at": 1782036800.9178302
}