{
  "is_typing": false,
  "typing_since": 1780295487.2745512,
  "last_typed_at": 1780295487.2745512
}