{
  "is_typing": false,
  "typing_since": 1782080543.2360873,
  "last_typed_at": 1782080543.2360873
}