{
  "is_typing": false,
  "typing_since": 1784371025.1944904,
  "last_typed_at": 1784371025.1944904
}