{
  "is_typing": false,
  "typing_since": 1784371193.726109,
  "last_typed_at": 1784371193.726109
}