{
  "is_typing": false,
  "typing_since": 1784578594.724307,
  "last_typed_at": 1784578594.724307
}