{
  "is_typing": false,
  "typing_since": 1782043302.243131,
  "last_typed_at": 1782043302.243131
}