{
  "is_typing": false,
  "typing_since": 1784455602.8310933,
  "last_typed_at": 1784455602.8310933
}