{
  "is_typing": false,
  "typing_since": 1784443222.771336,
  "last_typed_at": 1784443222.771336
}