{
  "is_typing": false,
  "typing_since": 1784587201.791931,
  "last_typed_at": 1784587201.791931
}