{
  "is_typing": false,
  "typing_since": 1784373973.795771,
  "last_typed_at": 1784373973.795771
}