{
  "is_typing": false,
  "typing_since": 1780294842.6320932,
  "last_typed_at": 1780294842.6320932
}