{
  "is_typing": false,
  "typing_since": 1779666642.1492567,
  "last_typed_at": 1779666642.1492567
}