{
  "is_typing": false,
  "typing_since": 1784579019.895895,
  "last_typed_at": 1784579019.895895
}