{
  "is_typing": false,
  "typing_since": 1779891447.1101801,
  "last_typed_at": 1779891447.1101801
}