{
  "is_typing": false,
  "typing_since": 1779776917.3995357,
  "last_typed_at": 1779776917.3995357
}