{
  "is_typing": false,
  "typing_since": 1779666092.9436293,
  "last_typed_at": 1779666092.9436293
}