{
  "is_typing": false,
  "typing_since": 1784466974.4966228,
  "last_typed_at": 1784466974.4966228
}