{
  "is_typing": false,
  "typing_since": 1784456882.0303965,
  "last_typed_at": 1784456882.0303965
}