{
  "is_typing": false,
  "typing_since": 1779889742.948806,
  "last_typed_at": 1779889742.948806
}