{
  "is_typing": false,
  "typing_since": 1784463641.1642654,
  "last_typed_at": 1784463641.1642654
}