{
  "is_typing": false,
  "typing_since": 1781949445.4252455,
  "last_typed_at": 1781949445.4252455
}