{
  "is_typing": false,
  "typing_since": 1784371349.5848813,
  "last_typed_at": 1784371349.5848813
}