{
  "is_typing": false,
  "typing_since": 1782082699.8237116,
  "last_typed_at": 1782082699.8237116
}