{
  "is_typing": false,
  "typing_since": 1780218108.487642,
  "last_typed_at": 1780218108.487642
}