{
  "is_typing": false,
  "typing_since": 1780035573.114041,
  "last_typed_at": 1780035573.114041
}