{
  "is_typing": false,
  "typing_since": 1784378785.0724785,
  "last_typed_at": 1784378785.0724785
}