{
  "is_typing": false,
  "typing_since": 1784604100.1379824,
  "last_typed_at": 1784604100.1379824
}