{
  "is_typing": false,
  "typing_since": 1781947242.4174147,
  "last_typed_at": 1781947242.4174147
}