{
  "is_typing": false,
  "typing_since": 1781946964.9565656,
  "last_typed_at": 1781946964.9565656
}