{
  "is_typing": false,
  "typing_since": 1779893694.7270858,
  "last_typed_at": 1779893694.7270858
}