{
  "is_typing": false,
  "typing_since": 1784372780.3946311,
  "last_typed_at": 1784372780.3946311
}