{
  "is_typing": false,
  "typing_since": 1779854700.4140604,
  "last_typed_at": 1779854700.4140604
}