{
  "is_typing": false,
  "typing_since": 1779766110.2740848,
  "last_typed_at": 1779766110.2740848
}