{
  "is_typing": false,
  "typing_since": 1784371655.5386071,
  "last_typed_at": 1784371655.5386071
}