{
  "is_typing": true,
  "typing_since": 1779642940.8845015,
  "last_typed_at": 1779642940.8845015
}