{
  "is_typing": false,
  "typing_since": 1784379446.7544856,
  "last_typed_at": 1784379446.7544856
}