{
  "is_typing": false,
  "typing_since": 1782098160.6334765,
  "last_typed_at": 1782098160.6334765
}