{
  "is_typing": false,
  "typing_since": 1782041078.2439554,
  "last_typed_at": 1782041078.2439554
}