{
  "is_typing": false,
  "typing_since": 1780295815.2348082,
  "last_typed_at": 1780295815.2348082
}