{
  "is_typing": false,
  "typing_since": 1782089432.744814,
  "last_typed_at": 1782089432.744814
}