{
  "is_typing": false,
  "typing_since": 1782041561.0859046,
  "last_typed_at": 1782041561.0859046
}