{
  "is_typing": false,
  "typing_since": 1782037111.309799,
  "last_typed_at": 1782037111.309799
}