{
  "is_typing": false,
  "typing_since": 1779843821.2114384,
  "last_typed_at": 1779843821.2114384
}