{
  "is_typing": false,
  "typing_since": 1783468914.184899,
  "last_typed_at": 1783468914.184899
}