{
  "is_typing": false,
  "typing_since": 1784496219.752597,
  "last_typed_at": 1784496219.752597
}