{
  "is_typing": false,
  "typing_since": 1779937025.9524672,
  "last_typed_at": 1779937025.9524672
}