{
  "is_typing": false,
  "typing_since": 1784461602.153468,
  "last_typed_at": 1784461602.153468
}