{
  "is_typing": false,
  "typing_since": 1784639105.8620625,
  "last_typed_at": 1784639105.8620625
}