{
  "is_typing": false,
  "typing_since": 1784376150.672083,
  "last_typed_at": 1784376150.672083
}