{
  "is_typing": false,
  "typing_since": 1779854421.3263154,
  "last_typed_at": 1779854421.3263154
}