{
  "is_typing": false,
  "typing_since": 1781955265.3359463,
  "last_typed_at": 1781955265.3359463
}