{
  "is_typing": false,
  "typing_since": 1779762622.713534,
  "last_typed_at": 1779762622.713534
}