{
  "is_typing": false,
  "typing_since": 1784579655.6633723,
  "last_typed_at": 1784579655.6633723
}