{
  "is_typing": false,
  "typing_since": 1781948118.2270107,
  "last_typed_at": 1781948118.2270107
}