{
  "is_typing": false,
  "typing_since": 1784373554.2288632,
  "last_typed_at": 1784373554.2288632
}