{
  "is_typing": false,
  "typing_since": 1779913818.3519387,
  "last_typed_at": 1779913818.3519387
}