{
  "is_typing": false,
  "typing_since": 1784495879.7073565,
  "last_typed_at": 1784495879.7073565
}