{
  "is_typing": false,
  "typing_since": 1781953483.039716,
  "last_typed_at": 1781953483.039716
}