{
  "is_typing": false,
  "typing_since": 1784378911.1840856,
  "last_typed_at": 1784378911.1840856
}