{
  "is_typing": false,
  "typing_since": 1782040041.7982612,
  "last_typed_at": 1782040041.7982612
}