{
  "is_typing": false,
  "typing_since": 1784459980.3936565,
  "last_typed_at": 1784459980.3936565
}