{
  "is_typing": false,
  "typing_since": 1782041114.0974202,
  "last_typed_at": 1782041114.0974202
}