{
  "is_typing": false,
  "typing_since": 1782042457.8946047,
  "last_typed_at": 1782042457.8946047
}