{
  "is_typing": false,
  "typing_since": 1784375775.8595502,
  "last_typed_at": 1784375775.8595502
}