{
  "is_typing": false,
  "typing_since": 1783915743.8904176,
  "last_typed_at": 1783915743.8904176
}