{
  "is_typing": false,
  "typing_since": 1782082537.4148953,
  "last_typed_at": 1782082537.4148953
}