{
  "is_typing": false,
  "typing_since": 1781947423.8723557,
  "last_typed_at": 1781947423.8723557
}