{
  "is_typing": false,
  "typing_since": 1782097985.947564,
  "last_typed_at": 1782097985.947564
}