{
  "is_typing": false,
  "typing_since": 1783915657.9364593,
  "last_typed_at": 1783915657.9364593
}