{
  "is_typing": false,
  "typing_since": 1779837578.1661572,
  "last_typed_at": 1779837578.1661572
}