{
  "is_typing": false,
  "typing_since": 1784372582.9869032,
  "last_typed_at": 1784372582.9869032
}