{
  "is_typing": false,
  "typing_since": 1784462003.9387712,
  "last_typed_at": 1784462003.9387712
}