{
  "is_typing": false,
  "typing_since": 1784371167.7375839,
  "last_typed_at": 1784371167.7375839
}