{
  "is_typing": false,
  "typing_since": 1779845962.0881057,
  "last_typed_at": 1779845962.0881057
}