{
  "is_typing": false,
  "typing_since": 1779892044.4559932,
  "last_typed_at": 1779892044.4559932
}