{
  "is_typing": false,
  "typing_since": 1784443743.595928,
  "last_typed_at": 1784443743.595928
}