{
  "is_typing": false,
  "typing_since": 1784467612.8370023,
  "last_typed_at": 1784467612.8370023
}