{
  "is_typing": false,
  "typing_since": 1784459607.6640298,
  "last_typed_at": 1784459607.6640298
}