{
  "is_typing": false,
  "typing_since": 1782042863.982858,
  "last_typed_at": 1782042863.982858
}