{
  "is_typing": false,
  "typing_since": 1779854327.8067236,
  "last_typed_at": 1779854327.8067236
}