{
  "is_typing": false,
  "typing_since": 1784459744.7869747,
  "last_typed_at": 1784459744.7869747
}