{
  "is_typing": false,
  "typing_since": 1779913590.612686,
  "last_typed_at": 1779913590.612686
}