{
  "is_typing": false,
  "typing_since": 1782041044.6502883,
  "last_typed_at": 1782041044.6502883
}