{
  "is_typing": false,
  "typing_since": 1783915002.525713,
  "last_typed_at": 1783915002.525713
}