{
  "is_typing": false,
  "typing_since": 1782097845.5128655,
  "last_typed_at": 1782097845.5128655
}