{
  "is_typing": false,
  "typing_since": 1779889601.392511,
  "last_typed_at": 1779889601.392511
}