{
  "is_typing": true,
  "typing_since": 1782097537.7887712,
  "last_typed_at": 1782097537.7887712
}