{
  "is_typing": false,
  "typing_since": 1784457257.4165745,
  "last_typed_at": 1784457257.4165745
}