{
  "is_typing": false,
  "typing_since": 1781949694.5351005,
  "last_typed_at": 1781949694.5351005
}