{
  "is_typing": false,
  "typing_since": 1784443622.3495739,
  "last_typed_at": 1784443622.3495739
}