{
  "is_typing": false,
  "typing_since": 1779837620.0750265,
  "last_typed_at": 1779837620.0750265
}