{
  "is_typing": false,
  "typing_since": 1779914482.2285285,
  "last_typed_at": 1779914482.2285285
}