{
  "is_typing": false,
  "typing_since": 1779913137.5031798,
  "last_typed_at": 1779913137.5031798
}