{
  "is_typing": false,
  "typing_since": 1784458683.2633247,
  "last_typed_at": 1784458683.2633247
}