{
  "is_typing": false,
  "typing_since": 1781949586.8685503,
  "last_typed_at": 1781949586.8685503
}