{
  "is_typing": false,
  "typing_since": 1779643009.6819916,
  "last_typed_at": 1779643009.6819916
}