{
  "is_typing": false,
  "typing_since": 1781949800.5204587,
  "last_typed_at": 1781949800.5204587
}