{
  "is_typing": false,
  "typing_since": 1779914139.9558892,
  "last_typed_at": 1779914139.9558892
}