{
  "is_typing": false,
  "typing_since": 1781948338.2836747,
  "last_typed_at": 1781948338.2836747
}