{
  "is_typing": true,
  "typing_since": 1781948234.5791922,
  "last_typed_at": 1781948234.5791922
}