{
  "is_typing": false,
  "typing_since": 1781948670.328822,
  "last_typed_at": 1781948670.328822
}