{
  "is_typing": false,
  "typing_since": 1784443274.4422238,
  "last_typed_at": 1784443274.4422238
}