{
  "is_typing": false,
  "typing_since": 1784578387.2470102,
  "last_typed_at": 1784578387.2470102
}