{
  "is_typing": true,
  "typing_since": 1782082698.7592387,
  "last_typed_at": 1782082698.7592387
}