{
  "is_typing": false,
  "typing_since": 1784464838.3588126,
  "last_typed_at": 1784464838.3588126
}