{
  "is_typing": false,
  "typing_since": 1783469206.94095,
  "last_typed_at": 1783469206.94095
}