{
  "is_typing": false,
  "typing_since": 1784371579.6631174,
  "last_typed_at": 1784371579.6631174
}