{
  "is_typing": false,
  "typing_since": 1782036895.830391,
  "last_typed_at": 1782036895.830391
}