{
  "is_typing": false,
  "typing_since": 1782081181.5390537,
  "last_typed_at": 1782081181.5390537
}