{
  "is_typing": false,
  "typing_since": 1784372076.4477887,
  "last_typed_at": 1784372076.4477887
}