{
  "is_typing": false,
  "typing_since": 1781948417.79134,
  "last_typed_at": 1781948417.79134
}