{
  "is_typing": false,
  "typing_since": 1779642783.1957002,
  "last_typed_at": 1779642783.1957002
}