{
  "is_typing": false,
  "typing_since": 1779913418.0443172,
  "last_typed_at": 1779913418.0443172
}