{
  "is_typing": false,
  "typing_since": 1784622616.0131226,
  "last_typed_at": 1784622616.0131226
}