{
  "is_typing": false,
  "typing_since": 1784645339.2473953,
  "last_typed_at": 1784645339.2473953
}