{
  "is_typing": false,
  "typing_since": 1784460703.4916654,
  "last_typed_at": 1784460703.4916654
}