{
  "is_typing": false,
  "typing_since": 1782042928.049813,
  "last_typed_at": 1782042928.049813
}