{
  "is_typing": false,
  "typing_since": 1783945046.5337112,
  "last_typed_at": 1783945046.5337112
}