{
  "is_typing": false,
  "typing_since": 1784373142.5703819,
  "last_typed_at": 1784373142.5703819
}