{
  "is_typing": false,
  "typing_since": 1783469124.933038,
  "last_typed_at": 1783469124.933038
}