{
  "is_typing": false,
  "typing_since": 1784465743.3404822,
  "last_typed_at": 1784465743.3404822
}