{
  "is_typing": false,
  "typing_since": 1779784172.4669516,
  "last_typed_at": 1779784172.4669516
}