{
  "is_typing": false,
  "typing_since": 1784458326.540078,
  "last_typed_at": 1784458326.540078
}