{
  "is_typing": false,
  "typing_since": 1784467520.4173915,
  "last_typed_at": 1784467520.4173915
}