{
  "is_typing": false,
  "typing_since": 1782040309.0516555,
  "last_typed_at": 1782040309.0516555
}