{
  "is_typing": false,
  "typing_since": 1784578543.7181616,
  "last_typed_at": 1784578543.7181616
}