{
  "is_typing": false,
  "typing_since": 1779772234.1622965,
  "last_typed_at": 1779772234.1622965
}