{
  "is_typing": false,
  "typing_since": 1784378707.0630972,
  "last_typed_at": 1784378707.0630972
}