{
  "is_typing": false,
  "typing_since": 1782098194.71492,
  "last_typed_at": 1782098194.71492
}