{
  "is_typing": false,
  "typing_since": 1783468483.0299668,
  "last_typed_at": 1783468483.0299668
}