{
  "is_typing": false,
  "typing_since": 1779765768.941487,
  "last_typed_at": 1779765768.941487
}