{
  "is_typing": false,
  "typing_since": 1780295714.5725408,
  "last_typed_at": 1780295714.5725408
}