{
  "is_typing": false,
  "typing_since": 1779845854.551241,
  "last_typed_at": 1779845854.551241
}