{
  "is_typing": false,
  "typing_since": 1779748092.3649912,
  "last_typed_at": 1779748092.3649912
}