{
  "is_typing": false,
  "typing_since": 1782083181.464664,
  "last_typed_at": 1782083181.464664
}