{
  "is_typing": false,
  "typing_since": 1784378621.9790356,
  "last_typed_at": 1784378621.9790356
}