{
  "is_typing": false,
  "typing_since": 1781948850.7166526,
  "last_typed_at": 1781948850.7166526
}