{
  "is_typing": true,
  "typing_since": 1784375950.6323404,
  "last_typed_at": 1784375950.6323404
}