{
  "is_typing": false,
  "typing_since": 1779899334.0320005,
  "last_typed_at": 1779899334.0320005
}