{
  "is_typing": false,
  "typing_since": 1784371404.714866,
  "last_typed_at": 1784371404.714866
}