{
  "is_typing": false,
  "typing_since": 1781953992.0125859,
  "last_typed_at": 1781953992.0125859
}