{
  "is_typing": false,
  "typing_since": 1784446381.4423246,
  "last_typed_at": 1784446381.4423246
}