{
  "is_typing": false,
  "typing_since": 1779839431.8004858,
  "last_typed_at": 1779839431.8004858
}