{
  "is_typing": true,
  "typing_since": 1783469123.9012148,
  "last_typed_at": 1783469123.9012148
}