{
  "is_typing": false,
  "typing_since": 1783915268.6101918,
  "last_typed_at": 1783915268.6101918
}