{
  "is_typing": false,
  "typing_since": 1784371884.0214088,
  "last_typed_at": 1784371884.0214088
}