{
  "is_typing": false,
  "typing_since": 1780295110.3156195,
  "last_typed_at": 1780295110.3156195
}