{
  "is_typing": false,
  "typing_since": 1784375441.443153,
  "last_typed_at": 1784375441.443153
}