{
  "is_typing": false,
  "typing_since": 1782097900.7179391,
  "last_typed_at": 1782097900.7179391
}