{
  "is_typing": false,
  "typing_since": 1782041770.5549812,
  "last_typed_at": 1782041770.5549812
}