{
  "is_typing": false,
  "typing_since": 1783466151.970991,
  "last_typed_at": 1783466151.970991
}