{
  "is_typing": false,
  "typing_since": 1781947284.5774615,
  "last_typed_at": 1781947284.5774615
}