{
  "is_typing": false,
  "typing_since": 1779579186.4371777,
  "last_typed_at": 1779579186.4371777
}