{
  "is_typing": false,
  "typing_since": 1782041440.50861,
  "last_typed_at": 1782041440.50861
}