{
  "is_typing": false,
  "typing_since": 1784623364.9744604,
  "last_typed_at": 1784623364.9744604
}