{
  "is_typing": false,
  "typing_since": 1784373020.4051392,
  "last_typed_at": 1784373020.4051392
}