{
  "is_typing": false,
  "typing_since": 1782097437.000574,
  "last_typed_at": 1782097437.000574
}