{
  "is_typing": false,
  "typing_since": 1784631084.6834624,
  "last_typed_at": 1784631084.6834624
}