{
  "is_typing": false,
  "typing_since": 1779893451.615397,
  "last_typed_at": 1779893451.615397
}