{
  "is_typing": false,
  "typing_since": 1780034082.3951874,
  "last_typed_at": 1780034082.3951874
}