{
  "is_typing": false,
  "typing_since": 1784460502.364679,
  "last_typed_at": 1784460502.364679
}