{
  "is_typing": false,
  "typing_since": 1784372295.2628324,
  "last_typed_at": 1784372295.2628324
}